id,name
143,"Prof. Odessa Haag IV"
144,"Prof. Vivian Jenkins"
145,"Lessie Thiel"
146,"Michelle Grimes"
147,"Enoch Brekke"
148,"Abagail Boyer"
149,"Leila Leffler"
150,"Erik Gaylord"
151,"Enola Runolfsdottir"
152,"Montana Wolf"
153,"Blanca Yost"
154,"Dr. Anissa Heller"
155,"Cole Macejkovic"
156,"Viva Goyette"
157,"Shemar McCullough"
158,"Miss Bethany Stark"
159,"Rosendo Gerlach"
160,"Miss Palma Kuhic III"
161,"Keenan Cartwright"
162,"Katherine Oberbrunner Jr."
163,"Mr. Israel Cummings"
164,"Madeline Rolfson PhD"
165,"Dr. Horace Walker PhD"
166,"Prof. Jolie Becker"
167,"Murray Mohr"
168,"Prof. Presley Rath"
179,"Mathias Becker"
180,"Loma Hartmann"
181,"Wade Hegmann"
182,"Bert Bartoletti"
183,"Alford Towne II"
184,"Randy Volkman MD"
185,"Beverly Tremblay"
186,"Tremaine Pagac"
187,"Dr. Jedediah Shanahan I"
188,"Jasper Labadie"
189,"Delaney Upton"
190,"Bret Harvey DVM"
191,"Oral Oberbrunner"
192,"Dr. Ana Klein MD"
193,"Filiberto Durgan"
194,"Dr. Joyce Gorczany"
195,"Dion Haag"
196,"Audie Eichmann"
197,"Madisyn Leannon"
198,"Kailey Hyatt"
199,"Eli Stokes"
200,"Jenifer Harris"
201,"Aglae Gusikowski"
202,"Desmond McLaughlin"
203,"Zula Reynolds V"
204,"Reilly Lockman"
205,"Dr. Emmet Ankunding MD"
206,"Prof. Mertie Labadie"
207,"Mr. Santa Tremblay Jr."
208,"Prof. Freeman Walker II"
209,"Hector Nienow IV"
210,"Dr. Jeromy Goldner Sr."
211,"Josefa Kutch"
212,"Miss Litzy Russel"
213,"Mr. Vincenzo Reynolds IV"
214,"Karley Rutherford"
215,"Candace Kautzer"
216,"Prof. Juston Emard DVM"
217,"Daija Wyman"
218,"Andrew Moen"
